start	end	text
0	6580	You know, I want to start off today by posing what sounds like just a completely impossible riddle to you.
6660	8020	Oh, I love a good riddle. Let's hear it.
8080	14980	Okay, so if you are listening to this right now, I want you to try and picture four seemingly totally unrelated things.
15120	15340	Right.
15760	22280	First, you've got a terrifying near-miss between two massive passenger airplanes high up in the sky.
22360	23440	Okay, stressful start.
23440	33120	Right. Second, a really bizarre medical malpractice lawsuit from the 1920s involving a patient who ended up with a hairy hand.
33260	34560	A hairy hand. Got it. Yep.
34880	39060	Third, your own immune system just viciously fighting off a respiratory virus.
39200	39340	Sure.
39640	46140	And fourth, the jagged, ancient, missing layers of rock sitting at the very bottom of the Grand Canyon.
46400	46700	Wow.
47120	50420	So the riddle is, what on earth could possibly connect all of those things?
50420	54580	I mean, honestly, it sounds like the setup to a very strange, very long joke.
54700	55280	It really does.
55440	58180	But the connection is actually incredibly profound.
58360	63760	We are literally talking about the fundamental rules of how things survive in a chaotic universe.
64040	67020	Which brings us to the actual mission of our deep dive today.
68020	75220	So we've got this stack of six brilliant, deeply interconnected essays by an author named Fliction.
75460	76340	Yeah, they're fantastic.
76340	82260	And the goal today is to basically completely upend and rebuild how you view systems.
82360	84900	And I mean, like, any system you interact with.
84960	85180	Right.
85440	93200	The sprawling global supply chain that delivered your morning coffee or, you know, the way your brain processes memories while you sleep tonight.
93280	97140	Or even the literal tectonic history of the earth beneath your feet.
97200	97740	It's all connected.
97740	105860	We are going to look at how all of these things manage to just keep going when the world inevitably throws a massive wrench into the gears.
106160	110300	And I think we have to start by tearing down a pretty big misconception here.
110380	111060	Okay, tear it down.
111220	117000	Well, normally we have this very static, almost brittle view of systems, right?
117240	120860	Think about how we're taught to view a machine or even a whole company.
120900	122220	Like it's supposed to be perfect.
122220	122700	Exactly.
123660	127840	We think of a system as this perfect crystalline object.
128260	131860	It's supposed to operate flawlessly until it inevitably breaks.
132080	138060	And when it breaks, our only instinct is to try to restore it exactly to how it was before.
138160	138380	Right.
138440	140080	Like putting a broken vase back together.
140200	140340	Right.
140540	142340	Bite for bite, piece by piece.
142400	143680	We just want to go back to the past.
143740	151080	But reading through these essays, it becomes so obvious that this obsession with, like, snapshot perfection is just a total fantasy.
151080	151940	It really is.
152220	158040	Real systems, the ones that actually survive over the long haul, they're defined by something called continuation.
158780	159680	Yes, continuation.
160020	161840	They don't obsess over never breaking.
162460	168860	Instead, they use what the author calls an admissibility filter, which, you know, we'll define in a second in a process of repair.
169040	170720	And that word is key, repair.
170900	171140	Right.
171340	177320	But repair in this context, it doesn't mean putting the broken pieces back together so they look exactly like they did yesterday.
177520	178360	No, not at all.
178360	183020	It means finding a new, coherent way to just keep going without crashing entirely.
183020	188680	And to really grasp this, I mean, we need to look at how this actually plays out in the real world.
188920	190100	Let's look at aviation.
190300	190520	Okay.
190600	191160	Let's do it.
191160	201820	Because keeping passenger jets in the sky is a domain where continuation is literally a matter of life and death every single second of the day.
201940	202640	No pressure.
202840	203020	Right.
203120	203680	Seriously.
203980	209660	And in the United States, we have these massive apparatuses dedicated entirely to aviation safety.
209660	216760	Specifically, I want to look at NASA's Aviation Safety Reporting System, the ASRS.
216800	217740	ASRS, right.
217920	223540	It's this fascinating construct because it is totally voluntary, it's confidential, and it is non-punitive.
223720	224060	Okay, wait.
224120	225920	Let me make sure I'm understanding the stakes here.
225960	226140	Sure.
226140	240000	If you are a pilot or a mechanic or an air traffic controller and you severely screw up, like say you cause a near miss in the sky, but thankfully nobody dies, are you saying you can just report your own mistake to NASA and you don't get fired?
240120	242820	As long as the act wasn't, you know, intentional or criminal?
243020	243460	Yes.
243600	243980	Absolutely.
244120	248320	That's why NASA actually stripped your name off the report and the FAA cannot punish you for it.
248320	251420	And that non-punitive design is entirely deliberate.
252400	260080	The aviation industry realized decades ago that waiting for airplanes to actually crash into the ground just so investigators can learn safety lessons.
260180	261140	It's way too late.
261600	262040	Exactly.
262240	265500	It's unacceptably expensive, both in human lives and in dollars.
265800	267000	You have to capture the near misses.
267780	273080	But this brings us to a major conflict in how modern analysts think about data.
273600	275260	Oh, the statistics argument.
275260	285360	Right. A lot of critics, especially right now in fields like AI safety or statistical risk management, they look at a voluntary reporting system like the ASRS and they scoff at it.
285460	287420	Why? Because it's self-reported.
287820	292160	Partly, but mostly they point out this classic statistical problem. It's called the missing denominator.
292360	293220	The missing denominator.
293420	297660	Okay, let's unpack this a bit because I know statistical purity is a huge deal for engineers.
297920	301300	It is the bedrock of how we usually calculate risk.
301300	313620	I mean, in statistics, if you want to know how dangerous a specific activity is, you absolutely need a numerator, which is the number of bad incidents, and a denominator, which is the total number of times the event occurred safely.
313940	315440	Right. It's basic fractions.
315680	322340	Exactly. So if I tell you, hey, five planes had a terrifying, uncommanded altitude drop today.
322620	326140	My brain immediately wants to know out of how many total flights.
326140	332000	Right. Because five out of 10 flights is a horrifying, ground-all-the-planes crisis.
332140	333180	Yeah. Nobody is flying.
333540	338040	But five out of 10 million flights is honestly an incredibly safe system.
338660	340380	Okay. So I see the problem.
340520	351360	Yeah. The critique of incident ledgers like the ASRS is that without that exact denominator, without compulsory reporting from every single flight and perfectly independent variable.
351420	352720	Which is impossible to get.
352720	360320	Right. So they say a ledger of near misses is just a bit of scary anecdotes. They argue it's statistically useless for calculating true risk rates.
360740	365120	But the aviation industry completely rejects this perfect denominator skepticism.
365400	365760	Completely.
366120	370460	And I just love the analogy the author uses here, or at least, you know, the way it made me think about it.
370500	371080	Yeah, let's hear it.
371080	382440	Waiting for perfect denominator data before you act on a safety threat is literally like refusing to fix a leaky roof in your house because you don't know exactly how many raindrops missed your house.
382600	383200	I love that.
383320	386100	Right. Like you don't need to go out and count the dry shingles.
386340	386480	No.
387020	395420	The giant puddle of water accumulating on your living room floor is enough structured evidence to tell you there is a vulnerability that needs fixing immediately.
395420	406940	The puddle is the evidence. Exactly. The goal of the ASRS isn't to build this flawless actuarial table of risk rates so some insurance company can set premiums.
406960	408120	Right. It's not about the math.
408320	410880	The goal is to gather structured evidence of vulnerability.
411220	415480	And this is where the concept of the admissibility filter first appears in our deep dive today.
415540	416260	Ah, here we go.
416260	422280	The aviation safety system doesn't ask, is this report statistically representative of the whole airspace?
422460	422660	Right.
422900	431440	It asks an admissibility question. It asks, is this report legible enough and recurrent enough to justify changing how we fly?
431680	433100	So they're looking for patterns.
433700	442360	Yes. Analysts look at the numerator, the near misses, and they code them for severity, contributing factors, weather, human error.
442360	442800	Okay.
443160	452640	So when they see a cluster of reports about, say, pilots consistently mishearing a very specific runway clearance at Chicago or Hare.
452780	457140	They don't just sit around waiting to calculate the exact percentage of safe landings.
457160	461340	Exactly. They just change the phraseology the air traffic controllers use. They fix it.
461520	462900	Which is a proactive repair.
463080	463400	Yes.
463640	466780	But what happens when the system actually fails?
466980	467180	Right.
467180	473640	When a plane does crash, because then the National Transportation Safety Board, you know, the NTSB, steps in.
473660	474800	Yeah, they take over completely.
475000	480440	And their methodology for repair is just as fascinating, especially when you look at how they dissect human error.
480680	486720	It really is. And to understand the NTSB, you have to understand something called the Swiss cheese model.
486820	487740	I've heard of this.
487740	489460	It was originally developed by James Reason.
489680	495520	The fundamental premise is that a complex accident is basically never just one mistake.
495520	497620	It's not just one guy pushing the wrong button.
497760	500640	Never. It is a stack of Swiss cheese slices.
501060	501200	Okay.
501580	504720	Every slice of cheese represents a layer of defense.
505320	509060	So alarms, training, regulations, pilot skill.
509480	510880	But it's Swiss cheese.
511160	513580	Right. So every slice also has holes in it.
513820	515500	And these are the vulnerabilities in the system.
515640	517220	Usually the holes don't line up, right?
517280	521160	So a threat might pass through one hole, but it's stopped by the next slice of cheese.
521380	523040	The next layer of defense catches it.
523040	533220	Exactly. An accident only happens when the holes in the organizational cheese perfectly align, allowing a catastrophic failure to pass all the way through every single layer.
533420	541400	And the essay highlights a very specific, tragic example of this, which is the 2009 Colgan Air Flight 3407 crash.
541540	541740	Yes.
541960	543560	Can you take us into that investigation?
543560	551020	Because the way the NTSB handled it really proves this whole idea of repairing a system rather than just, you know, blaming a broken part.
551200	551540	It does.
551620	556780	So it was a cold winter night and this commuter plane was on approach to Buffalo, New York.
556920	557220	Okay.
557500	560400	Suddenly the plane's speed dropped dangerously low.
560700	563840	And this triggered an alarm in the cockpit called a stick shaker.
564380	565520	What is a stick shaker?
565520	574840	It literally vigorously shakes the pilot's control column, the yoke, to physically warn them that the plane is about to stall and fall out of the sky.
575020	576120	That sounds terrifying.
576280	576720	It is.
577160	585940	Now, the immediate, instinctual, and correct action when a plane is stalling like that is to push the nose down to regain speed and lift.
586240	587400	Push down to go faster.
587960	588340	Got it.
588340	592020	But the captain of Flight 3407 did the exact opposite.
592160	592860	Oh, no.
593180	594460	He pulled back on the yoke.
594900	596500	This forced the nose up.
596760	599100	It killed whatever forward speed they had left.
599340	601640	And the plane plummeted into a house.
602080	605040	It killed everyone on board and one person on the ground.
605180	606080	That's just awful.
606440	611440	But, you know, if you are just looking at a snapshot of that crash, if you're just looking for the broken part.
611580	611780	Right.
611920	613980	The investigation just ends right there, doesn't it?
614020	615920	The pilot pulled when he should have pushed.
616060	616460	Exactly.
616460	621720	You write it off as pilot error, you close the file, and you assume the rest of the aviation system is totally fine.
621880	623660	But the NTSB doesn't do that.
624200	628540	They call that specific mistake the active failure at the sharp end.
628720	629300	The sharp end.
629440	629660	Right.
629860	633680	It's just the final hole in the very last slice of Swiss cheese.
633920	634160	Yeah.
634920	639620	The NTSB's actual job is to trace the trajectory back through all the other slices.
639780	640900	They're looking for the other holes.
641160	641400	Yes.
641560	643860	They're looking for what they call the latent conditions.
643860	648020	So, when they investigated Colgan Air, they didn't just look at the cockpit.
648480	650860	They found that both pilots were severely fatigued.
651520	651860	Okay.
652180	657360	They were severely underpaid, meaning they literally couldn't afford hotel rooms between flights.
657540	658480	Wait, really?
658720	658920	Yeah.
659500	667640	The co-pilot had actually commuted overnight on cargo planes from Seattle all the way to Newark just to start her shift.
667640	668740	That's insane.
668860	670260	They were sleeping in crew lounges.
671160	678120	Furthermore, the airline's training for stall recovery was practically non-existent in any kind of realistic high-stress scenario.
678240	679820	So, they weren't even prepared for the alarm.
679980	680200	No.
680620	686960	And above all that, there were massive gaps in how the FAA was overseeing regional carriers compared to major airlines.
687060	690180	So, the crash wasn't just a random isolated event.
690560	690960	Not at all.
690960	694600	It was this terrifying exposure of a systemic rot.
695180	700920	The fatigue, the poverty-level wages, the poor training, those were like common-mode failures.
701160	701400	Yes.
701600	712500	Those conditions were probably happening on hundreds of other regional flights that exact same night, but those other flights just, I don't know, they just didn't encounter icing conditions or low speed, so they got lucky.
712700	713840	That is the crux of it.
713880	714440	They got lucky.
714580	714820	Right.
714820	717600	So, how does the system perform a repair?
717920	718280	Right.
718540	722300	Because after Colgan Air, the NTSB issued sweeping recommendations.
723360	728120	Congress actually passed new laws fundamentally changing pilot rest requirements.
728960	734060	They mandated significantly more flight hours before a pilot could even be hired as a first officer.
734240	735040	They raised the bar.
735460	739140	And they fundamentally changed how airlines have to train for stall recoveries.
739740	742060	Notice, they didn't repair the plane that crashed.
742220	742420	Right.
742420	743500	The plan was destroyed.
743700	744860	The people were gone.
745040	746460	They repaired the rules of continuation.
746660	747740	The rules of continuation.
748260	749340	I love that phrasing.
749500	749700	Yes.
750220	753380	They fundamentally altered the admissibility of future flights.
753900	758540	The repair operator here isn't, you know, a mechanics wrench putting a broken wing back on.
758600	758840	Right.
758960	760420	It's an airworthiness directive.
761000	762380	It's a change in federal law.
762380	775120	The system looks at the catastrophic failure and says, okay, the old way of operating, where exhausted, underpaid pilots are flying regional jets, that is now strictly inadmissible.
775640	777140	It's not allowed to continue.
777420	777620	Right.
777880	781120	To continue, we must transform the rules of the flight path.
781340	783420	It is never about restoring the past.
783620	787920	It's about preserving a coherent way to keep going into the future safely.
787920	797360	Okay, so aviation uses the shock of near misses and actual tragedies to repair its operations over months and years of legislation and training.
797520	798580	Yeah, it's a slow process.
798900	802000	But that got me thinking about systems that don't have months to deliberate.
802540	803220	Okay, what do you mean?
803220	807360	Well, what about systems that have to absorb shocks in real time, instantly?
807640	815000	Because if there is one system we all interact with daily that requires constant real-time continuation, it's the movement of physical goods.
815100	815580	Oh, absolutely.
815840	816020	Yeah.
816060	818100	Which brings us to global supply chains.
818200	818440	Yes.
818640	827960	And just like aviation faces atmospheric turbulence, supply chains are plagued by a very specific kind of systemic turbulence.
828640	830380	In operations management, it's famous.
830980	832960	It's called the bullwhip effect.
833220	834380	The bullwhip effect.
834760	838380	You know, anyone who tried to buy toilet paper during the pandemic panics.
838500	838880	Oh, yeah.
838960	839780	We all remember that.
839980	845640	Or, you know, anyone trying to source a specific semiconductor a couple of years ago knows this pain intimately.
845880	846520	It was brutal.
846520	862460	For anyone not familiar with the term, the bullwhip effect is this bizarre phenomenon where a tiny, modest fluctuation in consumer demand at the retail cash register gets amplified into massive, violent swings in orders as you move upstream.
862460	862740	Right.
862820	865340	From the retailer to the distributor to the manufacturer.
865520	867680	And finally, to the raw material suppliers.
868020	870020	It's just like cracking a physical whip.
870180	874980	A tiny one-inch flick of your wrist creates a massive chaotic wave at the tip of the whip.
874980	876740	That's the perfect visual for it.
876840	880980	And to understand how to repair this, we have to look at the mechanics of why it actually happens.
881040	881180	Okay.
881240	881980	Why does it happen?
881980	888420	The canonical paper on this was written by Hao Li, Vipad Manapun, and Xinjin Wang.
889080	892560	And they laid out four classic causes for this chaos.
892860	899580	Let's walk through them because they really show how rational local decisions create global insanity.
900020	900460	Exactly.
900820	904020	So the first cause is demand signal processing.
904200	905360	Demand signal processing.
905540	905700	Okay.
905700	907820	Imagine you run a retail store, right?
908480	912520	And normally you sell 10 units of a specific product every week.
912600	912860	Okay.
913020	913640	10 a week.
913760	915160	But suddenly you sell 15.
915400	917560	Now, you don't just order 15 to replace them.
918060	921860	Your inventory algorithm assumes this is a permanent new upward trend.
922040	922340	Oh.
922540	924440	So you order 25 just to be safe.
924500	924700	Right.
924760	925440	You want to stock up.
925520	928140	But then the regional distributor sees your order for 25.
928660	929320	They panic.
929560	932220	They think a massive boom is happening across all their stores.
932320	934000	And they order 50 from the factory.
934000	934400	Okay.
934560	936260	I can see how that cascades instantly.
936480	937700	It's just math snowballing.
937760	938600	What's the second cause?
938740	939460	Order batching.
939560	940220	Order batching.
940500	944900	Instead of a company ordering a steady trickle of goods every single day to perfectly match what they sell,
945280	949440	they wait until a massive truck is completely full to save on shipping costs.
949800	950300	Oh, right.
950380	952540	Because shipping half-empty trucks is expensive.
952860	953260	Exactly.
953540	957120	Or maybe they just wait until the end of the month to run payroll and accounts payable.
957240	958620	So they place all their orders then.
958780	959060	Okay.
959160	962220	So the factory upstream doesn't see a nice smooth line of demand.
962220	969280	They see zero orders for 29 days and then a massive sudden lump of demand on day 30.
969640	972240	Which throws their entire production schedule into chaos.
972420	972860	Completely.
973140	975940	And the third cause involves price fluctuations, right?
976660	979740	I imagine sales and discounts completely mess with the flow.
979920	980440	Oh, absolutely.
981040	981640	Think about it.
981900	987260	If a factory offers a 10% discount for one week, buyers aren't just going to buy what they need for that week.
987300	988340	Yeah, they're going to hoard it.
988340	988820	Exactly.
989560	993840	They buy six months' worth of inventory in one day to lock in the cheap price.
993960	995400	Which makes sense for the buyer.
995720	996160	It does.
996800	1004160	But it creates a totally artificial, monstrous spike in demand, followed by six months of zero orders.
1004360	1006980	So the factory is just on this crazy roller coaster.
1007040	1007200	Right.
1007280	1013420	They gear up, they hire overtime workers to meet the spike, and then they sit completely idle for half the year.
1013420	1017600	And then there's the fourth cause, which honestly feels the most psychological to me.
1017880	1018520	Shortage gaming.
1018640	1019500	Shortage gaming, yes.
1019520	1020260	It's fascinating.
1020580	1026460	Like if I'm a distributor and I hear a rumor that the factory is running low on microchips.
1026620	1026800	Right.
1026800	1033420	And I know they're going to put everyone on an allocation, maybe giving everyone, say, 50% of what they ask for.
1033600	1034040	What do you do?
1034720	1036360	I am going to game the system.
1036700	1038700	I actually only need 100 chips.
1039340	1046500	But I order 300, hoping that when they inevitably cut my order by 50%, I still get 150.
1046880	1047360	Exactly.
1047520	1048340	You inflate your order.
1048520	1051900	But the problem is every single buyer does this simultaneously.
1052220	1052500	Right.
1052500	1056580	So the factory sees demand absolutely explode by 300%.
1056580	1057480	They panic.
1057820	1060880	They go out and build a whole new multi-billion dollar facility.
1061240	1061740	Oh, no.
1061940	1065460	And then when the shortage finally clears, all the buyers cancel their phantom orders.
1065760	1067340	Because they never needed them in the first place.
1067380	1067780	Exactly.
1067980	1071000	Leaving the factory with massive debt and unsellable stock.
1071120	1077000	So traditionally, business schools teach all four of these causes as basically an information problem, right?
1077000	1083860	It's framed as bad communication or distorted signals or irrational managers just misreading data.
1084720	1094660	And then completely separately in another class, supply chain managers talk about buffer inventory, you know, having extra stock sitting in a warehouse as a pure cost problem.
1094860	1095500	Waste of capital.
1095780	1095920	Right.
1095980	1099500	A waste of capital that needs to be aggressively eliminated to be lean.
1099500	1107060	But the essays we are examining today argue this is a profound misunderstanding of what a system actually is.
1107200	1107660	It really is.
1107700	1109240	These aren't two separate problems.
1109420	1109560	No.
1109760	1112820	And this was honestly the biggest paradigm shift for me in the reading.
1113240	1117300	The author completely reframes what a physical buffer is.
1117360	1117620	Yes.
1117860	1118720	Let's talk about this.
1118780	1124000	A buffer of extra inventory isn't just a pile of wasted money gathering dust in a warehouse.
1124340	1127740	It is the supply chain's literal repair capacity.
1127920	1128880	Repair capacity.
1128880	1129060	That's right.
1129140	1138660	It's the physical stock of ways a local node, like a retailer or a regional distributor, can handle a disturbance without exporting that disturbance up the chain.
1138660	1142100	Think about the bullwhip effect again in this new light, right?
1143000	1152400	Why does a tiny five-unit change in customer demand force a retailer to immediately change their orders to the distributor and trigger the whole cascade?
1152760	1154420	Because the retailer has no buffer.
1154800	1155140	Exactly.
1155300	1156820	They have zero repair capacity.
1156820	1163480	If they had a modest buffer of extra stock in the back room, they could just absorb that tiny spike locally.
1163720	1163800	Right.
1164080	1170360	They fulfill the customer's orders out of the back room and keep their own upstream orders completely smooth and stable.
1170360	1174600	So the bullwhip effect isn't just about people misreading information.
1174740	1174880	No.
1175140	1186300	It is the chaotic physical consequence of what happens when you strip away a system's local repair capacity until every tiny vibration has to be broadcast up the chain at maximum volume.
1186300	1186780	Exactly.
1186940	1188660	It's a system with no shock absorbers.
1188840	1194260	I want to pause on that because it's so counterintuitive to everything we hear about lean manufacturing and efficiency.
1194520	1196480	It goes against a lot of modern business dogway, yeah.
1196680	1199640	But the real world proof of this is just devastating.
1199940	1204080	Look at the 2011 Shishoku earthquake and tsunami in Japan.
1204560	1205120	Oh, wow.
1205120	1208280	First and foremost, an unimaginable human tragedy.
1208680	1208900	Absolutely.
1209200	1213640	But it also triggered one of the most cascading industrial shocks in modern history.
1214520	1220980	The earthquake took offline very specific factories in Japan, most notably a company called Renesis.
1221460	1222980	Right, the micro-jet manufacturer.
1223080	1223420	Exactly.
1223880	1227860	They manufactured a huge portion of the world's automotive microcontrollers.
1227860	1243100	And because the global auto industry had spent decades aggressively stripping away local warehouse buffers to save money, a disruption in one specific factory in Japan almost immediately halted car production across the entire planet.
1243300	1246520	Plants in America and Europe were shutting down within weeks.
1246700	1252560	Without local repair capacity, a local tragedy cascades into a global failure to continue.
1252720	1255040	It was a very stark lesson in systemic fragility.
1255080	1255620	Well, wait, hold on.
1255660	1257280	I have to play devil's advocate here for a second.
1257280	1257900	Please do.
1258100	1264840	Didn't Toyota practically invent the just-in-time system, or JIT, specifically to eliminate all buffer inventory?
1265040	1265720	Ah, yes.
1265800	1268620	I mean, Toyota is the undisputed king of manufacturing.
1268840	1270220	Are we saying Toyota got it wrong?
1270300	1273640	Like, they should have been hoarding microchips in giant warehouses all along.
1273960	1275740	That is the million-dollar question.
1276220	1283560	And the essay addresses this beautifully by pointing out that the Western caricature of Toyota's just-in-time system is deeply flawed.
1283820	1284740	Okay, how so?
1284740	1301340	Well, when Western executives visited Toyota's plants in the 1980s and 90s, they walked the factory floor, they saw the lack of physical inventory on the shelves, and they said, great, fire the warehouse staff, cut the safety stock to zero, sell the storage buildings, we'll save a fortune.
1301340	1303220	Right, they just copied what they could see.
1303420	1303840	Exactly.
1304360	1306240	They were only looking at the visible surface.
1306500	1308620	They completely missed the invisible buffers.
1308720	1309800	Invisible buffers?
1309900	1310160	Yes.
1311160	1322780	Taichi Ono, who was the architect of the Toyota production system, he only stripped away the physical inventory buffers because Toyota had spent decades building incredibly robust relational buffers.
1322780	1327300	Relational buffers, that completely reframes the whole concept of supply chain management.
1327580	1328700	It changes everything.
1329280	1333620	Toyota had deep, high-trust, long-term partnerships with their suppliers.
1333880	1336600	It wasn't just about finding the cheapest vendor every month.
1336900	1337700	No, not at all.
1337900	1339620	They had total geographic integration.
1340320	1343780	Their suppliers were physically close to the main assembly plants.
1344160	1349600	They had lightning-fast communication and a culture of highly collaborative problem-solving.
1349600	1351980	So they were basically one big family.
1352340	1352620	Essentially.
1353800	1360360	If a stamping machine broke at a supplier's factory, the supplier didn't try to hide it to avoid getting sued for breach of contract.
1360400	1362280	Right, which is what usually happens.
1362440	1369400	They called Toyota immediately, and Toyota sent their own master engineers to the supplier's factory to help fix the machine.
1369580	1370020	Wow.
1370740	1374560	Their repair capacity wasn't stored in a warehouse full of spare parts.
1374560	1380240	It was stored in the resilience of their relationships, their trust, and their process discipline.
1380600	1387340	So when Western companies stripped away the physical buffers without taking the years to build those deep relational buffers?
1387700	1390240	They didn't create a lean, efficient system at all.
1390320	1394300	They just created a brittle one that shatters at the first sign of turbulence.
1394640	1401280	So Taiichi Ono proved that physical buffers only work if you have relational buffers, deep trust between companies.
1401500	1401640	Right.
1401640	1404280	But, you know, how do you actually enforce that trust?
1404380	1410420	You can't just rely on handshakes and good vibes when billions of dollars in international borders are at stake.
1410520	1411620	No, you certainly can't.
1411640	1413140	That's where the legal system steps in.
1413620	1416080	Supply chains are held together by contract law.
1416080	1421320	But does contract law allow for repair capacity the way a physical warehouse does?
1421320	1426080	This brings us to a fascinating legal translation of these exact same ideas.
1426480	1438540	When we look at contract law, we often run into the exact same rigid, snapshot-obsessed thinking that we saw in the missing denominator problem or the zero inventory warehouse.
1438780	1438900	Right.
1439240	1446140	If you take a first-year law school class on contracts, the subject is usually taught in a very strict chronological sequence.
1446260	1446440	Okay.
1446600	1447200	Walk us through it.
1447200	1448780	Step one is formation.
1449500	1451340	Did the parties form a valid contract?
1451840	1457700	This requires an offer, an acceptance, and consideration, which is just the legal term for the exchange of value.
1457880	1459400	Offer, acceptance, consideration.
1459780	1460080	Got it.
1460200	1461840	Step two is breach.
1461940	1463560	Did someone break the rules of the contract?
1463940	1465600	And step three is remedy.
1466020	1468300	How does a judge punish the person who broke it?
1468300	1478300	And the unexamined premise there is that the formation stage creates this magical, static, perfect object called a valid contract.
1478680	1479480	Yes, exactly.
1479600	1481900	It's treated like a snapshot encased in amber.
1481900	1494560	And everything that happens after that, you know, a delayed shipment, a wrong part, a lawsuit, is just messy downstream bookkeeping because flawed human beings ruined the perfect legal object.
1494980	1500380	But Flickshen's essay reframes contract law entirely through the lens of admissibility.
1500500	1501880	Oh, bringing it back to the filter.
1502040	1502280	Yes.
1502280	1505840	A contract isn't a static snapshot of perfection.
1506440	1509660	It is a legally supervised trajectory of expected performance.
1509800	1510320	A trajectory.
1510820	1510980	Right.
1511380	1515360	Offer, acceptance, and consideration aren't magical ingredients you mix in a cauldron.
1515780	1517420	They're simply the admissibility gates.
1517560	1518420	Okay, explain that.
1518520	1521840	They are the legal system's way of filtering out casual human chatter.
1522020	1522420	Ah.
1522420	1532880	If I boast at a bar that I'll pay a million dollars to anyone who can drink 10 beers, or if I make a gratuitous promise to give my nephew my car for his birthday, the law doesn't want to enforce that.
1532940	1535480	Right, because the courts would be clogged with bar bets.
1535900	1536320	Exactly.
1537240	1548360	The admissibility gates exist to identify which human interactions are serious, commercial, and deliberate enough that the state will allow them to continue as a binding legal obligation.
1548360	1556000	And what's wild is that the law actually had to adapt its own admissibility gates over time just to survive the reality of modern business.
1556120	1556700	It really did.
1557000	1559760	The essay talks about something called the battle of the forms.
1560120	1561180	Oh, this is a classic.
1561480	1566260	Under the old classical common law, there was a strict doctrine called the mirror image rule.
1566380	1566540	Right.
1566700	1576920	If I sent your company a formal offer to buy 100 industrial widgets, your acceptance document had to match my offer word for word, perfectly reflecting it like a mirror.
1577020	1577600	Perfect matching.
1577600	1589860	If your acceptance form added a tiny new piece of boilerplate text at the very bottom like, deliveries must happen on Tuesdays, the law said, nope, no contract exists, you rejected the original offer and made a counteroffer.
1589880	1592880	Which is doctrinally very elegant, right?
1593000	1593240	Yeah.
1593360	1598320	And perhaps it worked fine in the 1800s when contracts were handwritten by lawyers in a parlor.
1598480	1600000	But practically, today.
1600240	1600480	Yeah.
1600680	1602680	In modern commerce, it is disastrous.
1602680	1608500	Today, companies are constantly firing automated purchase orders and invoices at each other.
1608600	1609880	Yeah, thousands of them a day.
1610320	1617740	And the boilerplate fine print on the back of a buyer's purchase order basically never matches the boilerplate on the back of a seller's invoice.
1617960	1618380	Never.
1618740	1620740	But the companies behave as if they have a deal.
1621380	1622520	The seller ships the widgets.
1623220	1624360	The buyer pays the money.
1624500	1624720	Right.
1624920	1625780	Business just happens.
1625780	1637400	If a judge insisted on perfect mirror image matching, it would mean denying legal continuation to thousands of relationships that the economy desperately needs to function.
1637560	1638720	So the law repaired itself.
1638840	1639240	It did.
1639480	1646620	Enter the Uniform Commercial Code, specifically a famous provision called UCC Section 2207.
1646980	1649700	This was a massive paradigm shift in American law.
1649820	1650160	Huge.
1650160	1664160	It basically said, look, if the parties are acting like they have a deal and the fundamental material terms are agreed upon, like the price and the quantity, we aren't going to throw the whole relationship out just because paragraph 14 of the fine print doesn't match perfectly.
1664480	1667280	The law created a more flexible admissibility gate.
1668000	1672900	It stopped demanding purity and started asking what was necessary to keep the economy moving.
1673180	1674960	This raises an important question, though.
1675020	1675520	What's that?
1675520	1682860	Once that flexible gate is passed and the contract is running, what happens when someone inevitably messes up?
1682980	1683160	Right.
1683240	1684980	Because performance is rarely perfect.
1685160	1685500	Exactly.
1686140	1692780	This is where the concept of repair really shines in contract law, specifically through the doctrine of substantial performance.
1693760	1694520	Substantial performance.
1695440	1701480	And there is no better example of this than the famous 1921 case of Jacob and Young's V. Kent.
1701640	1703020	Oh, this case is legendary.
1703020	1706040	Let's set the scene because the context really matters here.
1706120	1706440	It does.
1706840	1708480	It's the Roaring Twenties in New York.
1709020	1714120	A wealthy financier named Kent decides to build a lavish, opulent country estate.
1714440	1714720	Okay.
1715060	1717680	He hires a high-end builder, Jacob and Young's.
1718380	1727480	In the massive, detailed contract, Kent's architect specifies that all the plumbing pipes inside the walls must be manufactured by the Reading Iron Company.
1727780	1728560	Very specific.
1728700	1730140	The builder finishes the house.
1730240	1730780	It's beautiful.
1730980	1731600	Kent moves in.
1731600	1738440	But almost a year later, Kent discovers that the builder accidentally used a different brand of pipe for some of the plumbing.
1738720	1739220	Oh, boy.
1739520	1746080	Now, the pipe they used is the exact same quality, same weight, same galvanized steel, same price on the market.
1746260	1748520	It just has a different brand name stamped on it.
1748780	1750260	The Cuho's brand, I think.
1750260	1750580	Right.
1750580	1752700	But Kent is furious.
1752700	1763540	He refuses to pay the final bill and demands that the builder tear down the entire house, rip out the finished plaster walls, and replace the pipes with the reading brand.
1763680	1764880	That is unhinged.
1764940	1769180	He demands bite-for-bite restoration of the exact contract terms.
1769180	1772680	And this case lands before Judge Benjamin Cardozo.
1772780	1773600	A heavy hitter.
1773700	1776240	One of the most influential jurists in American history.
1777380	1779960	Cardozo looks at this demand for perfect restoration.
1780440	1786220	He essentially says, no, that is a fantasy of perfection, and enforcing it would be economically cruel.
1786460	1786820	Wow.
1786820	1789800	He establishes the doctrine of substantial performance.
1790280	1795440	He acknowledges that, yes, the builder technically breached the contract by using the wrong brand pipe.
1796100	1797600	But the deviation was minor.
1797720	1798640	It didn't room the house.
1798900	1799080	Right.
1799160	1802180	It wasn't a material breach that destroyed the whole purpose of the building.
1802460	1805040	So the law doesn't order the house torn down.
1805280	1807520	The law allows the contract to continue.
1807940	1810120	The deviation is deemed admissible.
1810880	1811360	Exactly.
1812380	1814880	Cardozo says the remedy isn't tearing down the walls.
1814880	1820280	The remedy is just adjusting the final payment by the difference in value between the two pipes.
1820500	1822300	Which in this case was basically zero.
1822920	1823700	Exactly zero.
1824300	1830000	The law recognizes that identity and continuation do not require flawless, punishing execution.
1830200	1832580	But wait, what if a breach is material?
1832760	1833540	Okay, good question.
1833700	1836860	What if the mistake actually breaks the core promise of the contract?
1837180	1838400	How does the law fix it then?
1838440	1843980	Well, the essay brings up my absolute favorite, delightfully weird case name to answer this.
1843980	1845380	Oh, I know which one you're talking about.
1845660	1849800	Hawkins v. McGee, universally known in law schools as the hairy hand case.
1849860	1850940	The hairy hand case.
1851000	1852440	It's just so grotesque.
1852480	1853080	It really is.
1853720	1858020	So a young boy had a terrible burn scar on the palm of his hand from an electrical wire.
1858800	1867420	A local doctor repeatedly approaches the family and promises he can give the boy a 100% perfect hand by performing a skin graft.
1867420	1870140	Which was a very bold promise back then.
1870260	1870780	Very bold.
1871100	1872160	The family agrees.
1872760	1876840	The doctor takes skin from the boy's chest and grafts it onto the palm.
1877560	1879780	But the operation goes terribly wrong.
1880400	1881620	The graft gets infected.
1882260	1886120	And because the skin came from the chest, it graves thick hair on the boy's palm.
1886180	1887380	Oh, that's awful.
1887660	1888580	It's worse than before.
1888780	1890940	So the boy sues for breach of contract.
1891100	1894060	The question for the court was incredibly difficult, right?
1894060	1899040	How do you calculate the damages to repair this broken human promise?
1899340	1901500	They don't just refund the cost of the surgery.
1901660	1905980	They don't try to put the boy back in the position he was in before the surgery with the burn scar.
1906660	1909500	Instead, they use something called expectation damages.
1910100	1921300	The court ruled that the financial damages should equal the difference between the value of the 100% perfect hand, the boy was explicitly promised, and the value of the hairy mangled hand he actually received.
1921480	1921880	Exactly.
1921880	1928480	Let me add a layer to that, because the philosophy behind expectation damages is just mind-blowing when you connect it to our theme today.
1928580	1928820	I assume.
1928940	1931200	The damages aren't just backward-looking bookkeeping.
1931920	1934620	Expectation damages are a legal repair operator.
1935000	1938900	They are designed to project the broken relationship forward to the promised future.
1938960	1939880	Oh, that's brilliant.
1940260	1940520	Right.
1940920	1944760	As we said earlier, a contract isn't a rigid snapshot in time.
1944900	1946720	It's a designated flight path.
1946720	1952820	A minor turbulence, like the wrong brand of plumbing pipes, doesn't mean you crash the plane.
1953220	1955240	You just adjust the heading and keep flying.
1955360	1958380	And if the plane does crash, like in the hairy hand case...
1958380	1964820	The legal damages try to conceptually carry the victim forward to the destination they were originally promised.
1964820	1967920	The law is profoundly obsessed with continuation.
1968600	1977100	And now I think we need to pivot from the abstract laws of human promises to the very literal physical laws of human biological survival.
1977340	1977820	Oh, yes.
1978000	1979440	Let's go inside the body.
1979680	1988380	Because if human-made systems use legal admissibility gates to filter out bad behaviors, the human immune system has the strictest, most ruthless border control of all.
1988380	1993140	Your adaptive immune system is tasked with fighting off invaders like viruses and bacteria.
1993680	1999720	And the standard textbook story of how it does this is usually framed as a story of pure optimization, right?
1999720	1999980	Oh, right.
1999980	2002820	It's presented as this evolutionary arms race.
2003300	2011680	When a new virus enters your body, your B cells, the specialized cells that manufacture antibodies, they start rapidly mutating.
2011820	2012100	Yes.
2012100	2019100	They're essentially searching the biological design space for a mutation that binds perfectly to the invading virus.
2019480	2025980	In the scientific literature, this process takes place in specialized micro-anatomical structures called germinal centers.
2026240	2027200	Germinal centers, okay.
2027300	2029240	And the process is called affinity maturation.
2030240	2038420	The B cells proliferate, they mutate wildly, and the virus, the antigen, selects the cells that happen to have the tightest binding antibodies.
2038580	2040380	So the tightest binder wins.
2040380	2044420	Right. It's often described by biologists as a pure hill-climbing algorithm.
2044640	2046960	The system is just trying to maximize affinity.
2047260	2049920	Find the tightest binder, kill the virus, win the game.
2050220	2053880	But the expert essay completely challenges this optimization story.
2054020	2054460	It does.
2054660	2058500	It argues that while affinity maximization is true, it is secondary.
2059360	2063640	Affinity is just a ranking game played inside a much, much stricter filter.
2063780	2064520	A filter, right.
2064520	2070820	The primary goal of the immune system isn't finding the absolute best binder, it's finding an admissible one.
2070940	2071760	This is crucial.
2071980	2083500	Because a B cell could mutate to bind perfectly to a respiratory virus, but if that same random mutation also makes the antibody bind to and attack your own lung tissue or your own heart muscle...
2083500	2085900	You'd develop a catastrophic autoimmune disease.
2086020	2090260	Exactly. You might survive the virus, but your own immune system destroys you.
2090260	2093400	And that is the ultimate inadmissible continuation.
2093660	2093780	Right.
2094040	2101740	To prevent that systemic crash, the immune system subjects these mutating B cells to a grueling, multi-stage testing regime.
2101740	2109720	Before a B cell is allowed to survive, multiply, and deploy its antibodies, it has to explicitly prove it is not self-reactive.
2109900	2111280	It has to pass the test.
2111640	2115160	And it isn't enough for the B cell to just bump into the virus.
2115160	2131700	To survive, the B cell has to physically capture the virus, internalize it, chop it up into tiny molecular pieces, display those pieces on its own surface, and then present them to a completely different type of cell called a T follicular helper cell, or TFH cell.
2131780	2132500	TFH cell.
2132580	2135840	Okay, I want to visualize this mechanism because the scarcity here is key.
2135960	2136420	Go for it.
2136420	2145500	Imagine a massive cellular auditorium. Millions of B cells are waving their newly mutated receptors around, essentially shouting, look what I caught.
2145620	2146680	Right. They all want attention.
2147000	2150660	But there are only a handful of T follicular helper cells walking the aisles.
2151080	2157120	The B cells are desperately competing for the attention and chemical approval of these scarce TFH cells.
2157320	2157620	Yes.
2157780	2164380	If a B cell doesn't get that specific survival signal from a TFH cell, what actually happens to it?
2164380	2165640	It triggers apoptosis.
2165640	2168380	It just dies.
2168620	2170960	The cell systematically dismantles itself and dies.
2171240	2175180	And what's fascinating here is how we interpret that massive die off of cells.
2175300	2176500	Okay, how do we interpret it?
2176680	2181220	In a pure optimization model, you might view apoptosis as a failure, right?
2181600	2184180	A waste of cellular energy, a failed search path.
2184280	2184500	Sure.
2184760	2188940	But under Fliction's framework, apoptosis is a localized repair mechanism.
2189120	2190040	Ah, I see.
2190040	2203120	Just like a supply chain aggressively stripping out fraudulent orders or a contract throwing out an unconscionable clause, the immune system is deleting branches of the biological tree that would cause the body to attack itself.
2203220	2205440	It's pruning the tree to save the whole system.
2205440	2205960	Exactly.
2206220	2211960	It is explicitly refusing continuation to any lineage that would cause a systemic crash.
2211960	2214600	You know, think about it from the perspective of an employer.
2215200	2221220	It sounds like the immune system is perfectly fine with good enough and safe rather than risking perfect but dangerous.
2221440	2222660	That's exactly it.
2222660	2236560	It's exactly like hiring a slightly less qualified employee who is a great team player because the absolute genius candidate with the perfect resume is a toxic, narcissistic liability who will eventually destroy the company culture.
2236880	2237840	I love that analogy.
2238020	2240860	You don't hire for maximum absolute skill.
2241040	2243120	You hire for maximum admissible continuation.
2243540	2249820	That analogy holds up remarkably well, especially when we look at how the immune system remembers its past victories.
2249940	2251140	Oh, how does it remember?
2251140	2259220	When you successfully survive a virus, the immune system saves a small population of those successful B-cells as long-lived memory cells.
2259320	2259640	Okay.
2260140	2261540	But here is the critical twist.
2262380	2267560	The union system doesn't just save a museum of perfect, optimal past winners.
2267920	2273020	It saves a ledger of what was previously allowed to survive the admissibility filter.
2273160	2274440	A ledger of the admissible.
2274640	2274860	Right.
2274860	2281500	And this leads to a highly complex phenomenon called original antigenic sin, which is also known as immune imprinting.
2281900	2283360	Original antigenic sin.
2283500	2284420	That sounds so dramatic.
2284540	2286220	What exactly does that mean when I get sick?
2286460	2288840	It means the past dictates the present.
2289100	2289340	Okay.
2289660	2292440	Let's say you catch a specific strain of the flu as a child.
2293140	2298960	Your immune system goes through the whole germinal center process, vets the B-cells, and saves the admissible winners.
2299160	2299600	Got it.
2299600	2303580	Ten years later, a slightly mutated variant of that flu hits you.
2303700	2303920	Right.
2303980	2305460	Because the flu always mutates.
2305840	2309260	Your immune system doesn't start the mutation process from scratch.
2309320	2319400	It actually prefers to pull those old pre-approved memory cells out of the ledger and deploy them, even if they aren't a perfect, optimal match for the new variant.
2319560	2320180	Wait, really?
2320740	2321560	Why would it do that?
2321560	2327400	Because the biological system says, hey, we already rigorously tested these lineages 10 years ago.
2327580	2330200	We know for a fact they won't cause autoimmunity.
2330440	2336780	Let's just use them, even if they are slightly mismatched, rather than risking a brand new dangerous mutation process.
2336880	2340300	So our immune memory literally biases our current response.
2340400	2340780	Exactly.
2340780	2348760	It leans heavily on what was deemed admissible in the past, even if it's slightly suboptimal for fighting the exact virus we have in the present.
2349280	2353660	The past shapes the boundaries of how our biology can continue into the future.
2353900	2355320	It's a beautiful, terrifying system.
2355460	2356300	That is incredible.
2356300	2360700	And speaking of memory, that brings us to the next profound system.
2360900	2361340	Ah, yes.
2361380	2371060	Because if the immune system filters physical threats to let the physical body continue every single night, sleep filters our cognitive memory so our minds can continue without crashing.
2371400	2381740	The transition from immunology to sleep architecture is so seamless because they're basically both solving the exact same problem of information overload.
2381880	2383100	Information overload, yeah.
2383100	2388800	For a long time, the dominant scientific model of why we sleep was purely hydraulic.
2389360	2393200	It was known as process S, the homeostatic sleep pressure model.
2393320	2394220	Process S.
2394420	2394680	Right.
2395300	2400240	The biological mechanism involves the buildup of a molecule called adenosine in the brain.
2401040	2402860	Think of it like a steam valve on a boiler.
2403100	2403360	Okay.
2403700	2409400	While you are awake, your neurons are firing, burning energy, and as a byproduct, adenosine builds up.
2409960	2412340	This creates physical tiredness and sleep pressure.
2412340	2414400	So the longer you're awake, the more pressure builds up.
2414520	2414820	Exactly.
2415320	2422100	When you finally go to sleep, the valve opens, the brain clears out the adenosine, the pressure releases, and you wake up feeling empty and refreshed.
2422360	2429920	And in that classic hydraulic model, the different stages of sleep, you know, the deep, slow-wave non-REM sleep and the rapid eye movement REM sleep,
2430280	2434920	they're basically viewed as just different phases of the same drain pipe emptying out the chemical pressure.
2434980	2435820	Which is draining the tank.
2435820	2448420	But the essay argues that while the hydraulic model perfectly explains why your physical body feels tired, it is totally insufficient for explaining what sleep actually does to our memories and our identity.
2448640	2449220	It really is.
2449580	2451380	Sleep isn't just a blind pressure release.
2451740	2456640	It is a highly active, highly selective process called active systems consolidation.
2457100	2457240	Right.
2457320	2459600	Let's look at the mechanics of what the brain is actually doing.
2459600	2468440	When you are awake, navigating the world, you encode new memories and experiences in a seahorse-shaped part of the brain called the hippocampus.
2468540	2469620	The hippocampus.
2469740	2473660	But the hippocampus is essentially like a temporary USB thumb drive.
2473920	2478000	It has very limited capacity, it learns quickly, but it is easily overwritten.
2478120	2479000	So it's fragile.
2479240	2479940	Very fragile.
2479940	2489240	For a memory to become permanent, it has to be transferred and physically integrated into the neocortex, which is the massive, wrinkled outer layer of your brain.
2489340	2490260	The permanent hard drive.
2490340	2490780	Exactly.
2491320	2498440	And this transfer process happens primarily during sleep, specifically during the deep, slow-wave phase of non-REM sleep.
2498540	2503740	But it's not just a bulk copy-paste operation from the USB drive to the hard drive, right?
2504020	2504860	No, not at all.
2504860	2510480	The author describes slow-wave non-REM sleep as an active, repair-like phase.
2510960	2515620	The hippocampus and the neocortex essentially open a high-speed chemical dialogue.
2516080	2516860	They talk to each other.
2517080	2525540	The brain reactivates the fragile memories of your day, cross-checks them against the massive library of everything you already know in the neocortex, and tests them.
2525680	2525960	Yes.
2526140	2527760	This is an admissibility test.
2528260	2533820	The brain is asking, which of these new memories fit coherently into our existing neural networks?
2533820	2537220	Which experiences are actually useful for predicting the future?
2537840	2539860	And this isn't just abstract theory, by the way.
2540300	2547660	The essay points to a stunning landmark experiment published in 2007 by a researcher named Bjorn Rasch and his colleagues.
2547800	2549320	Oh, the rose smell experiment.
2549460	2549740	Yes.
2550260	2554760	It demonstrated a technique known as targeted memory reactivation, or TMR.
2554960	2555680	Walk us through this.
2555720	2556400	It's so cool.
2556400	2564780	In the experiment, human participants were asked to learn a spatial memory task, basically memorizing the locations of objects on a computer screen.
2564920	2565800	Okay, like a puzzle.
2566180	2573520	Crucially, while they were learning this task, the researchers pumped a very specific odor into the room, like the scent of roses.
2573800	2574280	Okay.
2574280	2577660	So the brain paired the spatial memory with the smell of roses.
2578540	2580680	Then, the participants went to sleep.
2581400	2583220	The researchers monitored their brain waves.
2583720	2593140	And when the participants entered deep, slow-wave, non-REM sleep, the researchers wafted that exact same rose odor back into the sleeping room.
2593180	2593800	Wait, hold on.
2593840	2595620	Let me make sure I have the exact timeline right.
2595760	2595960	True.
2595960	2598260	They learn a puzzle while smelling roses.
2598700	2599360	They go to sleep.
2599640	2603340	You wait until they are totally unconscious in deep sleep, and you pump the smell back in.
2603500	2603620	Yep.
2603820	2608040	And the brain actively picks that specific puzzle out of the day's trash to save it?
2608160	2608620	Exactly.
2609560	2618840	The scent cue bypassed conscious awareness and caused the sleeping brain's hippocampus to preferentially reactivate those specific memories associated with the smell.
2619060	2620200	That is mind-blowing.
2620200	2626980	The brain replayed those neural patterns over and over during the slow waves, and the result was undeniable.
2627740	2637380	When the participants woke up the next day, they were significantly better at remembering the object locations compared to control groups or memories that weren't cued with the scent.
2637720	2643440	If sleep were just a blind hydraulic pressure release, just clearing out adenosine...
2643440	2643700	Right.
2644220	2648240	...wafting a rose odor wouldn't selectively strengthen a specific memory.
2648460	2648740	Exactly.
2648820	2649480	It wouldn't do anything.
2649480	2658340	The fact that the brain can be externally biased to consolidate certain memory traces over others proves that non-REM sleep is a highly selective filter.
2658920	2671340	It is actively choosing which branches of experience are admissible for long-term continuation and letting the irrelevant noise, you know, what you ate for breakfast, the license plate of the car in front of you, just fade away into nothing.
2671480	2673020	It's a meticulous editing process.
2673240	2673360	Yeah.
2673480	2678220	And after non-REM sleep does this grueling filtering and selection, what happens next?
2678260	2678460	Right.
2678560	2679140	REM sleep.
2679140	2681580	Then we transition into REM sleep, rapid eye movement.
2681880	2685240	This is the phase where you experience your most vivid narrative dreams.
2685680	2686560	The weird stuff.
2686720	2687080	Exactly.
2687920	2693900	The essay argues that if non-REM sleep is the repair and filtering phase, REM sleep is the commit phase.
2694100	2694960	The commit phase.
2695220	2704680	REM takes whatever neural pathways survived the non-REM admissibility filter and deeply integrates them, especially emotional and procedural memories.
2705480	2708460	REM sleep literally recalibrates your emotional tone.
2708460	2709140	Oh, wow.
2709140	2718140	It strips the raw, visceral emotion away from the memory so you don't wake up overwhelmed by the exact same acute anxiety or anger you felt the previous day.
2718200	2719140	That makes so much sense.
2719540	2724680	Non-REM selects the path you will take and REM commits the entire biological system to walking it.
2724680	2726540	It's just staggering to think about.
2726540	2739060	Every single night, your brain is running this massive continuation algorithm, deleting the noise, cross-checking the facts, and recalibrating your emotions just to make sure you wake up the next morning as a coherent functioning identity.
2739060	2739740	It's beautiful.
2739740	2739860	It's beautiful.
2740060	2740220	Okay.
2740500	2747660	We've moved from human systems operating in days like shipping and aviation law to biology operating in hours and minutes.
2747820	2747940	Right.
2748420	2750720	Now, for our final act, I want to zoom all the way out.
2751160	2752860	We are going to look at deep time.
2753500	2754860	Billions of years.
2755260	2755840	Let's do it.
2755840	2762340	How does the Earth itself record massive disruptions, and how does geology repair its own history?
2762560	2769340	To understand planetary continuation, we have to look at stratigraphy, which is the geological study of rock layers.
2769800	2770060	Right.
2770160	2775520	Normally, when we look at a canyon wall, we think of rock layers as the undisturbed pages of a history book.
2775800	2776760	Oh, it's just stacked up.
2776760	2782540	Sand settles at the bottom of a calm ocean, compresses, and turns to stone over millions of years.
2782540	2785480	More sand settles on top, turns to stone.
2785940	2791900	The layers accumulate horizontally, one on top of the other, and they tell a smooth, continuous story of the Earth's past.
2792060	2793520	A nice, neat timeline.
2793760	2797860	But occasionally, geologists find massive, glaring interruptions in these layers.
2798320	2800740	These physical paradoxes are called unconformities.
2801160	2801640	Unconformities.
2801780	2802000	Yeah.
2802000	2809000	And the most famous discovery of this, the one that essentially birthed modern geology, is made by a man named James Hutton in 1788.
2809940	2811000	Oh, at Sicker Point.
2811000	2814960	Right, at a rocky outcrop called Sicker Point on the coast of Scotland.
2815680	2821960	Hutton was out on a boat, looking at a cliff face, and he saw something that completely shattered the accepted timeline of the world.
2822260	2824260	It really broke everyone's brains at the time.
2824360	2835600	At the bottom of the cliff, the rock layers, these ancient, dark marine sediments called greywax, were standing almost vertically, pointing straight up into the air like jutting spears.
2835800	2836100	Right.
2836100	2842240	But sitting directly on top of them, resting perfectly horizontally, was a completely different type of rock.
2842420	2843660	A red sandstone.
2843940	2848600	It is a visual paradox that requires a staggering amount of time to explain.
2848920	2849600	Walk us through it.
2849840	2852820	Think about the mechanics required to create that cliff.
2852820	2857740	First, the bottom greywax rocks were laid down horizontally in a deep ocean.
2858140	2860480	They had to compress and turn to solid stone.
2860640	2860900	Okay.
2860900	2871820	Then, some unfathomable tectonic force, literally the collision of entire continents, had to crush them, fold them, and push them vertically up into the air to form a massive mountain range.
2871880	2872200	Oh.
2872720	2883980	Then the ocean had to recede, exposing those mountains to millions of years of wind and rain erosion, slowly shaving the tops off those vertical jagged edges until they formed a flat plain.
2884040	2885780	Just grinding them down to nothing.
2885780	2886460	Exactly.
2887360	2896260	And only then could the environment change again, bringing in new coastal sand to gently lay the horizontal red sandstone on top of the ruined mountains.
2896260	2903820	When Hutton looked at Sicar Point, he realized he wasn't just looking at interesting rocks, he was staring into an abyss of missing time.
2903980	2904420	Yes.
2904660	2911980	Between the vertical rocks and the horizontal rocks, tens of millions of years were just gone, erased by erosion.
2912240	2913100	Just completely missing.
2913100	2917840	Now, the standard intuitive view is that these unconformities are just missing data.
2918440	2923960	The history book got ripped, pages were lost, and all we have is a frustrating silence where data should be.
2924640	2930380	But Fliction's essay flips this interpretation entirely, applying our core theme to the Earth itself.
2930560	2931120	Oh, so.
2931240	2935300	An unconformity is not a blank space or a failure of the geological record.
2935600	2937300	It is a legible gap.
2937460	2938280	A legible gap.
2938280	2946560	It is the physical, undeniable trace of a time when the Earth's environment made normal, continuous deposition completely inadmissible.
2946720	2947240	Inadmissible.
2947420	2956240	The Earth literally couldn't lay down nice, flat, chronological layers because entire continents were violently colliding and pushing mountains into the sky.
2956640	2959900	The violence itself made the normal recording process impossible.
2959900	2960260	Right.
2960460	2970160	The tectonic uplift, the collision of land masses, the massive forces of erosion, that geological machinery made a simple continuation of the rock record impossible.
2970720	2973520	So the gap itself is the record of the violence.
2973680	2974920	The silence is the data.
2975020	2976200	The silence is the data.
2976200	2983160	And the new horizontal red sandstone laid down millions of years later isn't just more rock piling up.
2983300	2985060	It is a geological repair.
2985340	2986320	A planetary repair.
2986520	2996440	The Earth, after a massive trauma, found a new, coherent way to continue accumulating its history across a fundamentally altered, violently broken surface.
2996440	3006520	So if I'm standing at the rim of the Grand Canyon, looking down at the Great Unconformity, which, you know, is a specific line in the canyon wall where a billion years of rock is just completely missing.
3006700	3007700	Yeah, a billion years.
3007720	3014560	You literally have 500 million year old Cambrian rock sitting directly on top of 1.5 billion year old basement rock.
3014640	3015320	It's wild.
3015440	3019840	You are saying that that line, that silence, is actually screaming information at us.
3019840	3021420	It absolutely is.
3021660	3033780	The machinery that creates the gap, the subduction of tectonic plates dragging the crust back into the mantle, the birth and death of massive continents spanning mountain ranges, that is the history of our dynamic planet.
3033840	3034180	Wow.
3034280	3038240	The gap is the fingerprint of a world that refused to stay static.
3038240	3052780	I will note, the essay mentions one minor exception, paraconformities, where the rock layers are perfectly parallel, but millions of years are still missing because the environment just stopped depositing sediment without any massive tectonic folding.
3052980	3054580	Oh, so just paused.
3054760	3054920	Yeah.
3055020	3058360	Those gaps really are almost invisible without advanced chemical testing.
3058760	3066680	But for the massive, jagged, angular unconformities like Sychar Point or the Grand Canyon, the brokenness is the story.
3066680	3072400	The continuation of the rock record across that jagged boundary is the ultimate planetary repair.
3072980	3073480	This is incredible.
3073680	3077720	We are at the end of our deep dive, and I want to try to pull this entire massive journey together.
3077840	3078260	Let's do it.
3078520	3088860	What we've seen today is that everything from the statistical ledger of a near-miss airplane crash to a pile of extra microchips in a supply chain warehouse.
3089120	3089360	Right.
3089360	3107600	To a judge adjusting the payout for the wrong brand of plumbing pipes, to the programmed death of a rogue immune cell, to the slow brainwaves of human sleep filtering out memories, all the way to the jagged, broken rocks of Sychar Point, everything is governed by the rules of continuation.
3108080	3108420	Everything.
3108420	3111840	We humans are obsessed with perfectly unbroken systems.
3112380	3117800	We want the flawless flight, the zero inventory warehouse, the perfect contract, the eidetic memory.
3118360	3120140	But that's just not how the universe works.
3120240	3120920	No, it's not.
3121320	3123620	Identity and survival aren't about never breaking.
3123880	3128200	They are about the conditions under which you are allowed to repair, adapt, and continue.
3128680	3131420	That is the perfect synthesis of everything Flickshin is arguing.
3131740	3131920	Yeah.
3132140	3136580	And it leaves us with one final, very personal, lingering idea to mull over.
3136700	3136940	Okay.
3137040	3137440	What is it?
3137440	3142640	We spent the last hour talking about global supply chains, complex biology, and planetary geology.
3143080	3144640	But what does this mean for our own lives?
3144800	3145340	Oh, wow.
3145480	3145660	Okay.
3145660	3155640	When we experience deep trauma, grief, or a massive life disruption, our instinct, our deepest, most desperate psychological instinct, is to try to get back to normal.
3155720	3157000	We just want it to be yesterday.
3157480	3157900	Exactly.
3158080	3162060	We want to restore exactly who we were before the break, before the loss.
3162320	3163820	We want to erase the gap.
3163820	3174800	But looking at all these enduring systems, from the immune system's ledger to the Earth's tectonic repairs, maybe true psychological resilience isn't about perfect restoration at all.
3174920	3175280	Wow.
3175280	3177740	If it's not restoration, what is it?
3177740	3184040	Maybe resilience is about accepting that the old version of ourselves, the pre-trauma snapshot, is now inadmissible.
3184540	3184980	Inadmissible.
3184980	3187660	The conditions of our lives have fundamentally changed.
3188080	3191600	And our job isn't to agonizingly try to go backward in time.
3192080	3201380	Our job is to find a brave new way to continue across the gap, just like the Earth laying down fresh, beautiful sandstone across ancient, violently broken rock.
3201380	3209040	You know, usually when we talk about systems breaking, or when we look at our own broken pieces, we expect to just feel a profound sense of loss.
3209280	3209420	Yeah.
3209460	3214440	We want the broken arm x-ray to magically heal back to a perfect unbroken white line.
3214680	3222560	But maybe we need to stop staring at the missing pieces and start marveling at the incredible, resilient architecture of how we keep going.
3222900	3225300	Thank you so much for joining us on this deep dive.
3225680	3227320	Keep questioning the systems around you.
3227320	3229000	Keep looking for those legible gaps.
3229340	3232960	And remember, you don't have to be completely unbroken to continue.
